{"cameraMode":{"drawMode":0,"name":"Shaded","section":"Shading Mode"},"sceneLighting":true,"audioPlay":false,"sceneViewState":{"m_AlwaysRefresh":false,"showFog":true,"showSkybox":true,"showFlares":true,"showImageEffects":true,"showParticleSystems":true,"showVisualEffectGraphs":true,"m_FxEnabled":true},"in2DMode":false,"pivot":{"x":-11.395752906799317,"y":4.483888626098633,"z":-12.352363586425782},"rotation":{"x":0.08331794291734696,"y":-0.41557595133781435,"z":0.03825661167502403,"w":0.904935359954834},"size":4.5026373863220219,"orthographic":false}