{"cameraMode":{"drawMode":0,"name":"Shaded","section":"Shading Mode"},"sceneLighting":true,"audioPlay":false,"sceneViewState":{"m_AlwaysRefresh":false,"showFog":true,"showSkybox":true,"showFlares":true,"showImageEffects":true,"showParticleSystems":true,"showVisualEffectGraphs":true,"m_FxEnabled":true},"in2DMode":false,"pivot":{"x":-28.408798217773439,"y":10.78118896484375,"z":-3.1259613037109377},"rotation":{"x":-0.059365373104810718,"y":-0.8897502422332764,"z":0.12113317847251892,"w":-0.43608009815216067},"size":30.028392791748048,"orthographic":false}