{"cameraMode":{"drawMode":0,"name":"Shaded","section":"Shading Mode"},"sceneLighting":true,"audioPlay":false,"sceneViewState":{"m_AlwaysRefresh":false,"showFog":true,"showSkybox":true,"showFlares":true,"showImageEffects":true,"showParticleSystems":true,"showVisualEffectGraphs":true,"m_FxEnabled":true},"in2DMode":false,"pivot":{"x":41.35870361328125,"y":12.77497673034668,"z":30.927719116210939},"rotation":{"x":0.08331794291734696,"y":-0.41557595133781435,"z":0.03825661167502403,"w":0.904935359954834},"size":2.4367105960845949,"orthographic":false}