{"cameraMode":{"drawMode":0,"name":"Shaded","section":"Shading Mode"},"sceneLighting":false,"audioPlay":false,"sceneViewState":{"m_AlwaysRefresh":false,"showFog":true,"showSkybox":false,"showFlares":true,"showImageEffects":true,"showParticleSystems":true,"showVisualEffectGraphs":true,"m_FxEnabled":true},"in2DMode":false,"pivot":{"x":2.0450000762939455,"y":2.1773271560668947,"z":1.7400000095367432},"rotation":{"x":0.03645283356308937,"y":0.42025238275527956,"z":0.01689937151968479,"w":-0.9065180420875549},"size":0.6322014331817627,"orthographic":false}