{"cameraMode":{"drawMode":0,"name":"Shaded","section":"Shading Mode"},"sceneLighting":true,"audioPlay":false,"sceneViewState":{"m_AlwaysRefresh":false,"showFog":true,"showSkybox":false,"showFlares":true,"showImageEffects":true,"showParticleSystems":true,"showVisualEffectGraphs":true,"m_FxEnabled":true},"in2DMode":false,"pivot":{"x":958.3129272460938,"y":559.8390502929688,"z":-35.264129638671878},"rotation":{"x":0.006245957687497139,"y":0.9928139448165894,"z":-0.10343584418296814,"w":0.059940390288829806},"size":728.867431640625,"orthographic":false}