{"cameraMode":{"drawMode":0,"name":"Shaded","section":"Shading Mode"},"sceneLighting":true,"audioPlay":false,"sceneViewState":{"m_AlwaysRefresh":false,"showFog":true,"showSkybox":false,"showFlares":true,"showImageEffects":true,"showParticleSystems":true,"showVisualEffectGraphs":true,"m_FxEnabled":true},"in2DMode":false,"pivot":{"x":0.5497961044311523,"y":2.7751364707946779,"z":-2.044739246368408},"rotation":{"x":0.02001185156404972,"y":0.9598637223243713,"z":-0.07097618281841278,"w":0.27061811089515688},"size":14.862953186035157,"orthographic":false}