{"cameraMode":{"drawMode":0,"name":"Shaded","section":"Shading Mode"},"sceneLighting":true,"audioPlay":false,"sceneViewState":{"m_AlwaysRefresh":false,"showFog":true,"showSkybox":false,"showFlares":true,"showImageEffects":true,"showParticleSystems":true,"showVisualEffectGraphs":true,"m_FxEnabled":true},"in2DMode":false,"pivot":{"x":-0.5896665453910828,"y":1.4912043809890748,"z":-0.09840518236160279},"rotation":{"x":0.02001185156404972,"y":0.9598637223243713,"z":-0.07097618281841278,"w":0.27061811089515688},"size":1.4484069347381592,"orthographic":false}